username,password,recoverykey,loggedin
U1912345A,"{;yuk2x;7|',GrHpI]J.",~cyP0_n%.8'],0
N2034567B,{+y;kKxu8x'nG&HcII,"cVn=tosJ=8G>,3sz",0
U2099999C,"{Xy2k,x):7'#GHH;Ii",v]hS;2*}>rin~wej,0
U1910595L,V2gGyby9}Bumxzjr7>'$,"CJ;BBc,Ez#V/E,k&vyaU",0
U1919191U,VZg[yKyq}*uFxWj[7z'[,w`BI~`hwYdL<,0
U1920827B,"VZgiy]y8}}u,x!jV7/'1",3di(HOQ^;5,0
U1910597L,V)gcyWyS}zuix\jO7M'm,d5b1Ed?*|p_!v.Swz|,0
U1910599L,V3g_yByM}HuQxujz77'=,"5aK}7$F:_nH3""[L~hdAB",0
U1910590L,V$g0yNy8}>uNxdjy73'-,Tititmd~re&1.L,0
U1810595L,VVg#yhy'}fuRx_jr7M'j,"{{KP{WSaPm""U",0
U1810590L,V4g|yfyk})urx~j+73'6,Vl6ppPa.[K>pIx,0
U1810909L,V]g\yHy]}/u>xiju7-'y,7Xn6op4`Sb,0
U1810919L,V~guy[yG}runxcj27.'6,P+_AOze{DyUW,0
U1710595L,Vkg[yhy.}Gu-x`jJ7q't,"7WG{.>mK{A4""QRa5i6",0
U1210595L,VtgayOy@}5uZx@ji7C'/,>yOdL:T0.dqDV|(X,0
U1912929L,"Vtg#yhyC}""uNxljh7?'6",*|-h_&2y!*,0
U1019292L,VVg`y}y?}*upxOjx7('&,_GZFHSV{ZO,0
U1817283L,Vsgmymyj}pu4xmjH7F'.,SFDX6qUlW-Ht_rxW,0
U1617283L,VDg;yCyx}Zu;xwj?7['x,GYvwlhJTg.8<A\ZT,0
U1426381L,"V{g&yqyK}Ju`x,jP7R'Y",WDP!3Dvwu'R{w'>8xhIc,0
U1234123L,V\gQyay?}\u8xPj`7<'H,\952T(9&7@em,0
U1234615L,V4gQy:yf}Fu7xTjL7x'r,s9/gSHRA7|pN,0
U1716253L,VOgSyxyK}qu1xJjD7]'p,^/x6xJRyuSq/F5MRRJ%m,0
U1235461L,VxgryGyG}cuLx!jl7N'{,aOuVR='&IB,0
U1900000L,V^g4yiy%}Yu+xrjB74'g,(!/70c_+eU*{,0
N1234567A,{+yOkkx\7#'hGNH)Ik,{s2<!@J&>5d$x=,0
U2199999A,{0ypkhx/7$'|GYHaI`Jo,S5foxeZn7!ydkrLlZ/,0
U1345678B,{$yzkKxG7}'jG$H4I@Ju,G}!6zS}7XWnOTv,0
U1234567A,[}t#o<iku\xItj7x???Y=!'&,m*v&za8K}+\PK>{j,0
